{
    "event1": {
    	"event_id": 1,
        "event_user": "john",
        "event_place": "Pentland Hills",
        "event_date": "10/10/2010",
        "event_time": "09:00",
        "event_max_nb": 5,
        "event_type": "Nature",
        "event_desc": "The Pentland Hills Regional Park is a living, working landscape, which offers great opportunities to experience and enjoy the outdoors. Sculpted by glaciers and water, then shaped by people's interactions over thousands of years, the Pentland Hills are a special place for everyone",
        "event_participants": {
            "john":"john",
            "titou": "titou",
            "doudou": "doudou"
        },
        "event_address": {
            "markers": [
                {
                    "latitude": 57.7973333,
                    "longitude": 12.0502107,
                    "title": "Angered",
                    "content": "Representing :)"
                },
                {
                    "latitude": 57.6969943,
                    "longitude": 11.9865,
                    "title": "Gothenburg",
                    "content": "Swedens second largest city"
                }
            ]
        }
    },
    "event2": {
        "user": "titou",
        "place": "Loch Ness",
        "datetime": "2012-04-23T18:25:43.511Z",
        "max_nb": 5,
        "type": "Tourism",
        "desc": "Loch Ness is a large, deep, freshwater loch in the Scottish Highlands extending for approximately 23 miles (37 km) southwest of Inverness.",
        "participants": {
            "user1": "john",
            "user2": "doudou"
        },
        "address": {
            "markers": [
                {
                    "latitude": 57.7973333,
                    "longitude": 12.0502107,
                    "title": "Angered",
                    "content": "Representing :)"
                },
                {
                    "latitude": 57.6969943,
                    "longitude": 11.9865,
                    "title": "Gothenburg",
                    "content": "Swedens second largest city"
                }
            ]
        }
    }
}