1111,Cameron Stanley McEvoy,Standard ,Australia ,5,3,4,3,5
1112,Vladimir Morozov,Novice ,Russia,1,1,1,1,1
1113,Marcelo Chierighini,Standard ,Brazil ,1,3,4,3,2
1114,Nathan Adrian,Expert,United States,5,4,4,3,4
1115,Jimmy Andrew Feigen,Expert,United States,5,5,5,5,5
1116,James Magnusse,Standard ,Australia,4,5,4,5,5
1117,Fabien Gilot,Novice ,France,5,4,5,5,5
1118,Arthur Martin Fitzgerald,Standard ,Germany,2,3,6,5,5
1119,Lucas Gozelman,Novice ,Australia,5,2,7,5,5
1120,Taylor Lautner,Novice ,Italy,5,5,5,5,5
