1471,Sean William Scott,Sniper,Imperial College London,5,5,5,5,5,5
1845,Tommy Lee Jones,Archer,University College London,4,2,3,4,3,4
5648,James Cameron,Shooter,Brunel University,2,4,3,4,5,3
1565,Luke Besson,Shooter,Heriot-Watt University,5,2,4,5,3,5
7832,Stiven Spilberg,Sniper,University of Manchester,1,3,5,5,2,2
1598,David Beckham,Shooter,University of Essex,1,1,1,1,2,2
1954,Roberto Carlos,Sniper,University of Oxford,2,2,3,2,4,3
2578,Kevin Prince Boateng,Archer,University of Cambridge,3,4,3,4,4,5
9654,Ruud Van Nistelroy,Shooter,King's College London,5,5,5,5,5,5
3698,Edgar Davids,Sniper,University of Bath,4,1,3,2,4,2
5687,Will Smith,Shooter,University of Reading,5,4,3,2,1,3
4137,Jacky Chan,Sniper,Robert Gordon University,3,2,3,1,4,5
9347,Fabien Barthez,Archer,University of Dundee,4,1,5,2,3,1
1265,Zinedin Zidane,Archer,University of Edinburgh,5,4,5,3,3,2
